GameTitle,Genre,ReleaseDate,Rating,Players,Publisher
Red Dead Redemption 2,Open-World,2025/07/30,6.5/10,4.0,Kelly and Sons
The Witcher 3,Rpg,"Jul 23, 2020",93%,1.0,"Cohen, Larson and Sherman"
Red Dead Redemption 2,Action-RPG,2022-05-12,78,1.0,Mccoy-Payne
Skyrim,Shooter,02-28-2025,85,8.0,Hudson-Gould
god of war,Open-World,12/08/2021,87,8.0,Bailey-Cabrera
Fortnite,Sandbox,"Jun 14, 2025",79%,1.0,Hernandez-Stokes
red dead redemption 2,Adventur,06/11/2018,,1.0,"Arellano, Silva and Blake"
Fortnite,Action-RPG,"May 18, 2016",65,1.0,"Walter, Hill and Smith"
Horizon Zero Dawn,Rpg,12/04/2021,59%,4.0,Williams-Frost
Red Dead Redemption 2,Rpg,2017/02/17,,1.0,Ortega-Hebert
Cyberpunk 2077 ,Rpg,2021-06-23,53%,4.0,Martinez-Figueroa
Elden Ring,Shooter,2020/01/02,,1.0,Lawson-Woodard
cyberpunk 2077,Action-RPG,"Sep 01, 2018",100,2.0,Johnson-Tucker
minecraft,Shooter,"Dec 24, 2023",62%,1.0,Turner-Christensen
Minecraft,Shooter,24/05/2024,8.0/10,1.0,Hall-Fernandez
Elden Ring,Rpg,2023-04-07,92%,,Morris Group
Dark Souls 3,Action-RPG,08/05/2017,,8.0,Hernandez PLC
Skyrim,action,"Oct 28, 2019",,2.0,"Manning, Haynes and Grant"
cyberpunk 2077,Rpg,2016-09-26,,2.0,Lewis-Perez
Dark Souls 3,Shooter,12/06/2017,84,,Munoz-Stewart
horizon zero dawn,,2021/05/12,89%,1.0,Poole Ltd
Dark Souls 3,,2024-10-06,N/A,1.0,Martinez Ltd
god of war,Sandbox,2017-06-28,7.6/10,,Woodard-Lopez
Dark Souls 3,Adventur,"Jan 27, 2025",6.8/10,1.0,Morales PLC
Cyberpunk 2077,Rpg,"Jan 23, 2022",,1.0,Gonzales-Nelson
Minecraft,,"Mar 16, 2025",87%,2.0,Harmon-Cain
God of War ,Shooter,12/11/2019,,1.0,"Rivera, Gutierrez and Mayo"
Cyberpunk 2077,Open-World,04-04-2020,8.1/10,2.0,Rogers PLC
Cyberpunk 2077,Action-RPG,06/12/2022,N/A,4.0,Mccall PLC
horizon zero dawn,,21/02/2023,91,1.0," Whitehead, Christian and Alvarez "
Dark Souls 3,action,09/11/2016,N/A,8.0,Taylor-Davis
the witcher 3,Rpg,2022/10/31,,2.0,"Brown, Gomez and Leonard"
Horizon Zero Dawn,Adventur,05-01-2025,62%,,Gaines LLC
horizon zero dawn ,Action-RPG,2023-07-28,N/A,8.0,Kelly-Silva
Red Dead Redemption 2,Shooter,2017/10/12,N/A,4.0,"Owen, Wilson and Moyer"
Elden Ring ,Sandbox,12-10-2017,,8.0,"Patterson, Lee and Martinez"
red dead redemption 2,Shooter,"Dec 04, 2021",66,,Levine Ltd
fortnite,Open-World,05-25-2021,71,,"Lewis, Carlson and Compton"
Fortnite ,Sandbox,2021/07/28,71,4.0,Rodriguez-Thompson
horizon zero dawn,,06/08/2023,N/A,1.0,"Taylor, Duke and Mclaughlin"
RedDed Redemption 2,Adventur,29/07/2024,8.7/10,1.0,Mendez Inc
horizon zero dawn,action,2018-04-07,N/A,4.0,Walker-Baker
red dead redemption 2,,12-31-2015,54%,2.0,Hurst Inc
dark souls 3,action,24/06/2016,75%,2.0,Warren-Good
minecraft,Sandbox,2020/12/12,6.2/10,8.0,Rodriguez-Chambers
Dark Souls 3,Open-World,05-16-2022,8.8/10,4.0,"Baker, Smith and Lin"
skyrim,Action-RPG,2024/11/01,6.9/10,1.0,"Griffin, Waters and Ramsey"
Horizon Zero Dawn,Sandbox,"Jul 31, 2018",7.5/10,,Vargas-Cooper
The Witcher 3,Action-RPG,"Nov 22, 2020",66%,,"Carrillo, Chavez and Flowers"
Cyberpunk 2077,,2020/05/05,6.1/10,1.0,"Perez, Bryant and Morrison"
Fortnite,,08/04/2016,,,Lloyd-Michael
Minecraft ,Shooter,2022/02/20,73%,1.0,Cunningham and Sons
Horizon Zero Dawn,Sandbox,2019/09/05,88%,2.0,Russell-Patel
Red Dead Redemption 2,Shooter,2017-01-27,72,4.0,Perez Ltd
fortnite,Adventur,03-26-2022,6.5/10,4.0, Gomez Inc 
cyberpunk 2077,Rpg,26/06/2016,97,1.0,West-Murphy
Skyrim,Open-World,2015/10/21,8.7/10,4.0,Brown-Fitzpatrick
Red Dead Redemption 2,Adventur,11-26-2015,N/A,8.0,"Clark, Kelly and Lewis"
cyberpunk 2077,Shooter,30/07/2025,8.8/10,2.0,Salazar-Griffith
Skyrim,Sandbox,2017/10/08,6.9/10,1.0,"Copeland, Duffy and Webster"
Fortnite,Rpg,26/04/2025,8.1/10,8.0,Davis and Sons
horizon zero dawn,action,25/03/2023,N/A,4.0,Butler-Williams
Horizon Zero Dawn,action,09-19-2021,6.4/10,1.0,Turner-Young
Dark Souls 3,Open-World,2016-01-04,50%,8.0,Rodriguez-Miller
Skyrim,,"Jan 10, 2018",N/A,1.0,Hess-Parker
Cyberpunk 2077,Sandbox,01-21-2021,87,2.0,Saunders Ltd
skyrim,Sandbox,2017-12-29,N/A,1.0,Gibson-Morgan
God of War ,Action-RPG,2025-02-10,N/A,1.0,King-Nichols
Fortnite,Adventur,20/12/2023,6.7/10,1.0, Hinton-Floyd 
Elden Ring,action,15/09/2019,95%,1.0,Garza-Hernandez
red dead redemption 2,Action-RPG,"Aug 20, 2020",N/A,4.0,Harrington Inc
Cyberpunk 2077,Adventur,"Nov 18, 2020",N/A,4.0,Jones Group
Dark Souls 3,Adventur,08/03/2021,95%,4.0, Smith and Sons 
Cyberpunk 2077 ,Action-RPG,05-18-2021,60,1.0,Reese and Sons
God of War,Sandbox,2023-01-10,N/A,2.0,Kelley Inc
Skyrim,Action-RPG,"Sep 01, 2020",72,2.0,"Long, Grimes and Yates"
The Witcher 3,Adventur,"Sep 21, 2023",,2.0,"Alvarez, Gonzalez and Medina"
Horizon Zero Dawn,Adventur,"Oct 01, 2015",84%,,Garcia LLC
Horizon Zero Dawn,Shooter,05-24-2020,N/A,4.0,Cole LLC
Dark Souls 3,Open-World,"Oct 03, 2019",6.0/10,1.0,Donaldson-Heath
Cyberpunk 2077,Adventur,2016/07/14,,1.0,"Phillips, Shah and Grimes"
Skyrim,Action-RPG,"Sep 17, 2024",,4.0," Carter, Payne and Anderson "
Elden Ring,Adventur,19/11/2021,N/A,,Parks-Jordan
Dark Souls 3,Sandbox,2021-06-07,N/A,2.0,Bishop LLC
Elden Ring,,2024/12/23,,2.0,"Williams, Barnes and Hogan"
Cyberpunk 2077,Rpg,2025-01-11,7.0/10,1.0,Lee Inc
Fortnite,action,16/12/2016,76%,,Hall Inc
Fortnite,Sandbox,2018-10-31,77,1.0,Abbott Ltd
Dark Souls 3,Rpg,2020-03-08,56%,8.0,"Smith, Rodgers and Palmer"
Horizon Zero Dawn ,,2023-08-24,N/A,2.0, Garcia-Cabrera 
Cyberpunk 2077,Sandbox,2021/04/09,,1.0,Bowen-Clark
god of war,action,15/10/2015,,1.0,"Jimenez, Wilson and Johnson"
Minecraft,Shooter,2023/05/01,N/A,1.0,Henderson LLC
cyberpunk 2077,action,26/01/2019,50%,8.0,"Smith, Wu and Gray"
The Witcher 3,,06/05/2016,97,8.0,Smith-Rubio
Dark Souls 3,,15/01/2024,N/A,1.0,Peterson and Sons
red dead redemption 2 ,,02-09-2019,6.2/10,1.0,Bryan-Peters
Fortnite,,"Jul 06, 2017",84%,2.0,Boyd Group
Dark Souls 3,Action-RPG,10-04-2015,91%,1.0,Smith and Sons
The Witcher 3,,26/04/2024,,8.0,"Massey, Juarez and Hunter"
Minecraft,,2022-02-27,8.7/10,1.0," Reese, Mccoy and Chavez "
Minecraft,Open-World,2020-08-24,,1.0,Cruz Ltd
fortnite ,action,2024-09-22,87%,1.0,"Myers, Morse and Gonzalez"
Horizon Zero Dawn,Adventur,03-16-2016,N/A,8.0,Moore LLC
Fortnite,,"May 16, 2018",8.9/10,1.0,Warner LLC
The Witcher 3,Action-RPG,12/12/2023,84,,Harris-Mcdonald
Red Dead Redemption 2 ,,2016/10/25,63,1.0,"Nelson, Taylor and Ortiz"
Elden Ring,Open-World,12-05-2015,,1.0,Odom Ltd
Minecraft ,,2020/04/12,,1.0,Jones-Hernandez
Horizon Zero Dawn,Shooter,2016/09/10,76,1.0,"Sanders, Potts and Lindsey"
Skyrim,Adventur,"Oct 31, 2023",N/A,2.0,Wells and Sons
God of War,Open-World,"Jul 14, 2023",70,1.0,Marquez Group
skyrim,,17/04/2021,90,,Jones-Bird
Horizon Zero Dawn,Action-RPG,"Aug 08, 2018",64%,8.0,"Garcia, Wells and Reilly"
Dark Souls 3,Action-RPG,2023/07/19,73,4.0,Nelson-Sanchez
Elden Ring,Adventur,"Apr 28, 2023",88,1.0,Phillips-Rodriguez
Fortnite,Action-RPG,11-24-2024,N/A,8.0,"Castillo, Austin and Martinez"
Fortnite,Sandbox,12-05-2018,,1.0," Davis, Hernandez and Burns "
Dark Souls 3,Open-World,05/02/2016,67,2.0,"Diaz, Gray and Anderson"
skyrim,Adventur,02-08-2016,7.2/10,2.0,"Thomas, Jones and Riley"
Red Dead Redemption 2,Sandbox,2018-01-15,75%,1.0,Patterson-Gardner
Dark Souls 3 ,Action-RPG,03/05/2019,N/A,,Moss-Petersen
Skyrim,Open-World,2020-06-20,8.6/10,4.0,Weiss Group
God of War,action,2022-12-26,57%,1.0,Jenkins Ltd
Skyrim,Sandbox,01/02/2025,94,1.0,Martinez PLC
Dark Souls 3 ,Action-RPG,2024/02/11,94,2.0,Evans Ltd
Minecraft,action,2023/02/26,60%,1.0,Robinson-Villarreal
Cyberpunk 2077,Action-RPG,2025/06/10,7.4/10,,"Russell, Dorsey and Bryant"
Horizon Zero Dawn,,01-23-2021,N/A,1.0, Cain Ltd 
Elden Ring,,01-07-2023,,1.0,Singh-Collins
Dark Souls 3,Adventur,2024/02/04,N/A,1.0,"Coleman, Lewis and Mcneil"
god of war,action,"May 17, 2025",,1.0,Craig-Beck
Red Dead Redemption 2,Sandbox,2022-02-13,N/A,,"Davis, Morris and Perez"
Elden Ring,,"Mar 16, 2017",65,," Dunn, Coffey and Maynard "
Elden Ring,Action-RPG,2016-07-10,7.4/10,,Massey Inc
The Witcher 3 ,action,27/06/2025,N/A,2.0,"Riley, Wallace and Moore"
dark souls 3,,2018/03/06,8.3/10,1.0,Moreno Ltd
Fortnite,Open-World,2017/03/08,62%,1.0,Randolph PLC
God of War,,"Nov 17, 2020",,1.0,Bradford PLC
Dark Souls 3,Shooter,"Jul 13, 2025",N/A,1.0," Banks, Carter and Kim "
Skyrim,Open-World,18/03/2025,,1.0,Wright Group
Red Dead Redemption 2,Open-World,2017-08-22,59%,1.0,"Ramirez, Russell and Orozco"
Horizon Zero Dawn,Adventur,"Oct 11, 2021",83,4.0,"Carroll, Duran and Brown"
Horizon Zero Dawn,Action-RPG,07/11/2019,N/A,2.0, Schmidt-Gregory 
Dark Souls 3,Open-World,12-12-2019,N/A,,Blair LLC
Dark Souls 3,Rpg,01/02/2019,75%,2.0,Flynn and Sons
Minecraft,Sandbox,2017/03/12,,2.0,"Smith, Armstrong and Smith"
Red Dead Redemption 2,action,"Mar 28, 2024",,1.0,Lane PLC
red dead redemption 2,Action-RPG,29/10/2020,N/A,4.0," Lopez, Baker and Henderson "
Fortnite,Adventur,12/03/2018,,1.0,Ray LLC
Horizon Zero Dawn ,action,14/12/2018,94%,1.0," Vaughn, Kemp and Thomas "
Minecraft,Adventur,2018-06-02,86,1.0,"Parrish, Powell and Daniel"
Fortnite,Adventur,2025-01-04,89%,1.0,Blair-Flores
Horizon Zero Dawn,Rpg,09-27-2015,,1.0,Cook-Chan
fortnite,Sandbox,08-16-2023,74,2.0,White-Berry
Fortnite,Shooter,"Oct 15, 2015",53%,2.0,Johnson Ltd
Fortnite ,Open-World,2022/01/26,6.7/10,1.0,"Hickman, Herrera and Taylor"
Skyrim,Adventur,2025-03-23,,1.0,"Powell, Walters and Wolfe"
Minecraft,Open-World,29/04/2022,79,1.0,Young LLC
Minecraft,Open-World,22/12/2019,7.2/10,1.0,Leonard-Bush
Cyberpunk 2077,Sandbox,09/11/2020,92%,,Wagner and Sons
God of War,Open-World,2023-01-23,N/A,,Petersen-Adams
RedDed Redemption 2,,"Mar 12, 2023",78,8.0,Adkins Ltd
Minecraft,Open-World,2018/03/24,83%,8.0,Brooks-Lawson
Horizon Zero Dawn,Rpg,15/08/2022,6.1/10,8.0,"Smith, Walter and Spencer"
Dark Souls 3,action,13/03/2019,N/A,2.0,Thompson and Sons
Red Dead Redemption 2 ,Sandbox,29/11/2023,67,8.0,Graham and Sons
God of War,action,07-16-2018,69%,1.0,Guzman and Sons
The Witcher 3,Open-World,2017-11-14,6.5/10,2.0,Crosby-Brown
Cyberpunk 2077,Adventur,"May 04, 2016",N/A,2.0,Gray-Navarro
Cyberpunk 2077,Open-World,15/12/2021,64%,1.0,"Kelley, Richards and Lara"
horizon zero dawn ,Adventur,07-01-2018,93%,,Singleton-Jones
minecraft,action,2017-12-28,7.0/10,,Anderson and Sons
Cyberpunk 2077,Shooter,03-04-2025,8.8/10,4.0,Smith-Miller
Red Dead Redemption 2,Action-RPG,31/03/2025,6.5/10,4.0,Sexton and Sons
Cyberpunk 2077,Adventur,16/02/2024,96,,Logan Inc
The Witcher 3,Shooter,"Sep 26, 2017",N/A,,Chen-Hawkins
Horizon Zero Dawn,,"Dec 25, 2023",7.8/10,,"Gill, Eaton and Schmidt"
Dark Souls 3 ,Shooter,28/12/2022,67,1.0,Brewer-Henry
Elden Ring,action,2016-10-10,,1.0,Butler and Sons
Minecraft,,25/04/2025,77,1.0,"Robertson, Taylor and Rosales"
Dark Souls 3,Rpg,2022/06/07,8.6/10,8.0," Hernandez, Pham and Ramirez "
Minecraft,Action-RPG,"Mar 24, 2021",83%,8.0,"Buchanan, Wells and Owens"
Dark Souls 3,Action-RPG,"Jun 03, 2021",7.4/10,1.0,Lam LLC
Red Dead Redemption 2,Rpg,2024/12/11,,4.0,"Jones, Kidd and Thomas"
dark souls 3,Shooter,11-08-2016,N/A,1.0,"Gregory, Norton and Carter"
Horizon Zero Dawn,Sandbox,"Jan 06, 2016",N/A,8.0, Spence-Levy 
Skyrim,Sandbox,"Jan 16, 2019",89%,4.0,Garcia-Wells
Minecraft,Open-World,2022/04/20,N/A,1.0,Grant-Peterson
Horizon Zero Dawn,Rpg,2024-01-24,N/A,1.0,Hamilton PLC
Elden Ring,Action-RPG,31/01/2022,6.3/10,8.0,Beltran-Smith
RedDed Redemption 2,Rpg,01-21-2024,64%,1.0,Smith-Sanchez
skyrim,Adventur,01/06/2023,,1.0,Diaz PLC
God of War,,2023/11/27,,2.0,"Johnson, Rowe and Smith"
God of War,action,"Feb 07, 2023",N/A,,Foley PLC
Minecraft ,Rpg,"Aug 06, 2024",8.6/10,1.0,Duncan LLC
God of War,Adventur,09-24-2016,89,1.0, Jenkins Ltd 
Elden Ring,Adventur,"Nov 18, 2016",90%,1.0,Morales Ltd
Skyrim,,2024-09-11,77%,1.0,Williams Inc
god of war,Rpg,"Aug 21, 2018",,1.0,Johnson LLC
Minecraft,action,"Aug 07, 2022",,1.0,"Harris, Vega and Benitez"
Horizon Zero Dawn,Action-RPG,11/11/2021,8.8/10,2.0,"Blackburn, Franklin and Larson"
Dark Souls 3,,11-02-2021,8.0/10,8.0,"Allen, Butler and Fowler"
Cyberpunk 2077,Action-RPG,2015/12/01,82%,,Baird-Vargas
The Witcher 3,Adventur,"Jun 06, 2020",N/A,2.0,"Moore, Baldwin and Lin"
Red Dead Redemption 2,Open-World,05-19-2023,76,1.0, Rice and Sons 
Skyrim,Open-World,14/10/2016,88%,8.0,Gilbert PLC
Horizon Zero Dawn,Open-World,27/08/2022,54%,2.0,Daniels-Cox
Fortnite,Shooter,"Oct 04, 2021",N/A,2.0,Chase-Lawrence
Fortnite,Open-World,"Mar 07, 2018",97,8.0,"Torres, Davis and Page"
Red Dead Redemption 2,Open-World,2018/04/12,N/A,1.0, Gray-Nguyen 
Minecraft,Action-RPG,2018/12/17,64,4.0,Navarro LLC
Elden Ring,Action-RPG,"Aug 06, 2017",N/A,1.0,Harris-Fuller
Horizon Zero Dawn ,Action-RPG,2024-07-07,N/A,1.0,Benton LLC
The Witcher 3,Open-World,03-29-2018,,2.0,"Martinez, Lee and Keller"
The Witcher 3,Sandbox,2020/11/09,85,1.0,Huynh Inc
Fortnite,Sandbox,2023/02/19,N/A,,"Andrews, Kelly and Cook"
Minecraft,Shooter,05-23-2019,68,,Jones Ltd
Red Dead Redemption 2 ,Shooter,"Dec 22, 2024",,1.0,"Nicholson, Alvarado and Best"
Red Dead Redemption 2,Open-World,24/11/2017,100,4.0,Moreno-Lee
elden ring,Rpg,"Jan 05, 2020",7.1/10,8.0,Davis-Hall
Dark Souls 3,Open-World,11-20-2018,90%,1.0,"Medina, Branch and Anderson"
Skyrim,action,03-04-2020,77,8.0,Evans LLC
Red Dead Redemption 2,Rpg,2020-01-16,80%,,Ellis-Finley
The Witcher 3,Sandbox,09/06/2018,78,1.0,"Vaughn, Young and West"
Skyrim,,2022/06/04,N/A,8.0,Osborne Ltd
Red Dead Redemption 2,Rpg,"Jun 19, 2017",7.0/10,2.0," Miller, Banks and Matthews "
Horizon Zero Dawn,Rpg,2019-04-06,92%,4.0,"Cooper, Macdonald and Simmons"
Red Dead Redemption 2,Shooter,04-12-2023,,,Vaughn-Melton
the witcher 3,Adventur,2015-12-26,50%,8.0,Coleman-Anderson
Red Dead Redemption 2,Sandbox,07-18-2024,6.5/10,4.0, Patrick-Herman 
skyrim,action,2021-08-27,77,4.0,"Snyder, Miller and Miller"
Cyberpunk 2077,Rpg,"Aug 16, 2023",71%,1.0,"Mckee, Johnson and Navarro"
Fortnite,Shooter,"Sep 17, 2023",N/A,,"Winters, Baker and Tran"
God of War,Sandbox,2019-12-25,81,4.0,Leblanc Inc
God of War,Shooter,2025/03/22,68,, Clark PLC 
Skyrim,Open-World,2015-10-08,70,1.0,Hess PLC
Minecraft,Shooter,07/02/2017,,1.0,Bentley Ltd
Minecraft ,,01-20-2025,8.4/10,,"Evans, Barton and Welch"
Fortnite,Open-World,2022-12-19,52%,4.0, Hernandez-Rodriguez 
The Witcher 3,Shooter,2017/01/30,76,8.0,"Brown, Thomas and Bryant"
Red Dead Redemption 2,Action-RPG,2024/08/15,8.6/10,2.0,"Cooley, Moore and Knight"
The Witcher 3,,2025-05-15,,,King Ltd
God of War,,2023-05-28,62,4.0,Hall Ltd
Dark Souls 3,Shooter,12/01/2023,8.8/10,1.0, Mueller-Richards 
Fortnite,Rpg,"Oct 09, 2016",85%,1.0, Johnson-Carson 
Cyberpunk 2077,Action-RPG,"Sep 07, 2024",,,Bradshaw-Shepherd
Fortnite,Action-RPG,16/06/2024,52%,1.0,Palmer-Lee
cyberpunk 2077 ,Rpg,13/07/2024,,2.0,Harris-Walker
God of War,Rpg,02-04-2023,N/A,1.0,"Hernandez, Fox and Knox"
Cyberpunk 2077,Action-RPG,01-04-2020,,,"Perez, Reed and Randall"
the witcher 3,Shooter,29/08/2021,66,1.0,Mckinney-Shaw
RedDed Redemption 2,Action-RPG,"Jan 22, 2016",7.2/10,2.0,Martin-Lopez
the witcher 3,Adventur,"Apr 12, 2022",63,,Hamilton and Sons
God of War,action,2022-11-12,N/A,1.0,Roberson-Lewis
god of war,Adventur,2020-02-09,N/A,1.0,Brown-Franco
Horizon Zero Dawn,Rpg,2016-06-10,,4.0,"Franklin, Greene and Le"
God of War,Action-RPG,07-22-2019,8.9/10,2.0," Henry, Wise and Jenkins "
Dark Souls 3,Adventur,"Jun 02, 2016",N/A,4.0,Williams PLC
skyrim,action,08-08-2024,91%,4.0,Williams PLC
Fortnite,Shooter,2025-02-17,8.1/10,1.0,Pitts Group
the witcher 3,Shooter,09-04-2021,81,1.0,"Powers, Jarvis and Hill"
Cyberpunk 2077,Adventur,"Aug 03, 2019",N/A,,Lawson LLC
Fortnite,Shooter,"Dec 11, 2019",77%,1.0,Garcia PLC
RedDed Redemption 2,,01-03-2025,68%,,"Smith, Booker and Acosta"
Elden Ring,,05-12-2016,N/A,,"Thompson, Garza and White"
Dark Souls 3,Action-RPG,09-23-2015,,4.0,Boyd-Warner
Fortnite,Sandbox,"May 19, 2022",80%,2.0,Nash Ltd
The Witcher 3,Rpg,02-21-2019,N/A,2.0,"Butler, Martinez and Becker"
Cyberpunk 2077,Sandbox,12/09/2024,64%,8.0,Reyes Ltd
Dark Souls 3 ,action,"Jan 12, 2020",86%,1.0,Rodriguez and Sons
horizon zero dawn,Action-RPG,2017/02/22,59%,1.0,Herring-Patterson
cyberpunk 2077,Rpg,2017-07-25,,4.0,White Inc
skyrim,,"Mar 17, 2017",,, Scott Inc 
Skyrim,Open-World,26/01/2022,55%,8.0,Griffin Ltd
Dark Souls 3,,10-30-2017,N/A,,Brown PLC
Elden Ring,Rpg,"Nov 13, 2020",7.0/10,,Patton Ltd
Elden Ring,Shooter,2020-12-03,52%,,Ward-Khan
Dark Souls 3,Sandbox,2023-01-25,,1.0," Bell, Michael and Buchanan "
the witcher 3,Open-World,2016-12-01,65,8.0,"Cooper, Lee and Day"
minecraft,Action-RPG,10-12-2018,69%,1.0,Gonzales-Sanchez
God of War,,10-28-2019,8.2/10,,Kirk-Pearson
fortnite,action,26/10/2023,57%,8.0,"Weber, Craig and Ellis"
red dead redemption 2,,2019/08/15,N/A,1.0,Roman-Burke
Minecraft,action,2018-04-30,81,8.0, Walker Ltd 
dark souls 3,Sandbox,2019/06/03,81,8.0,Wyatt-Davis
Minecraft,Shooter,2024/09/07,86,1.0,"Pham, Dickerson and Fuller"
elden ring,,2023/07/07,6.2/10,,Martinez Ltd
Cyberpunk 2077,action,2021-07-08,83,4.0,"Harris, Cunningham and Simmons"
Dark Souls 3,Adventur,2025/01/08,,2.0,"Kelley, Robinson and White"
Fortnite ,action,"Mar 08, 2023",97,1.0,"Clark, Burns and Brown"
cyberpunk 2077,Open-World,"Aug 29, 2021",6.7/10,4.0,Nguyen Inc
Horizon Zero Dawn,,2020-10-10,6.9/10,1.0,Richardson-Clark
Red Dead Redemption 2,Shooter,07-08-2018,,8.0,"Osborne, Brooks and Vazquez"
Red Dead Redemption 2,Rpg,2025-07-30,61%,1.0,Dean LLC
Dark Souls 3,Sandbox,18/12/2018,,1.0,"Lewis, Wilson and Rivas"
Red Dead Redemption 2,Open-World,"Apr 21, 2016",8.1/10,4.0,Gordon-Saunders
Horizon Zero Dawn,Shooter,11-28-2015,8.4/10,1.0,Griffin Group
Elden Ring,Adventur,29/08/2024,55%,1.0,"Brown, Burton and Robinson"
Minecraft ,action,"Jul 30, 2024",51%,2.0,Rios-Blevins
Dark Souls 3,action,2022-09-25,,4.0,Diaz Inc
Horizon Zero Dawn,Adventur,01-30-2016,69%,8.0,Rollins Group
Elden Ring,Adventur,2017-03-05,70,2.0,Whitaker Ltd
Dark Souls 3,Shooter,11-07-2023,8.3/10,,Gross LLC
skyrim,action,"Nov 01, 2019",8.0/10,8.0,Howard-Rogers
Minecraft,action,19/10/2019,8.9/10,1.0," Jordan, Smith and Jones "
Red Dead Redemption 2 ,action,17/12/2017,N/A,8.0,Martin PLC
Skyrim,Action-RPG,"Jun 09, 2023",67%,8.0,"Rivera, Bell and Ayers"
Skyrim,,27/12/2017,N/A,4.0,Sandoval-Santana
Dark Souls 3,Open-World,2023-08-23,87%,4.0,Reed-Robinson
Elden Ring,Action-RPG,2017-08-28,N/A,1.0,Holmes-Li
Elden Ring,Open-World,2018/02/19,79,1.0,Smith-Elliott
Red Dead Redemption 2,Action-RPG,"Apr 10, 2019",54%,2.0, Lane LLC 
The Witcher 3 ,Action-RPG,03-31-2016,95%,4.0,Marshall-Thomas
The Witcher 3,Sandbox,2024/03/05,8.1/10,1.0,Wells and Sons
Elden Ring ,Action-RPG,"May 18, 2019",N/A,,Rodriguez Group
Dark Souls 3,Open-World,"Dec 13, 2024",,1.0,"Medina, Li and Carey"
Red Dead Redemption 2,action,2018/01/08,88,1.0,"Cline, Coffey and Lewis"
The Witcher 3,Sandbox,31/01/2021,81,2.0, Walker Inc 
Elden Ring,Shooter,"Jun 21, 2021",7.5/10,,Jackson-Lewis
Red Dead Redemption 2,Sandbox,11-07-2022,,4.0,Boyd-Smith
Cyberpunk 2077,Action-RPG,04/02/2019,100,1.0,Morgan-Estes
Horizon Zero Dawn,Rpg,"Oct 19, 2024",95%,4.0,Stanley Inc
Elden Ring,Open-World,05/10/2023,90,,Bell-Hill
Skyrim,Shooter,2017-04-04,98,2.0,Adams-Thompson
Skyrim,Action-RPG,2019-01-01,57%,2.0,"Reed, Davis and Wilkerson"
Cyberpunk 2077,Sandbox,27/10/2017,N/A,2.0," Delgado, Nguyen and Richard "
dark souls 3,Sandbox,12-24-2024,73%,2.0,"Dennis, Warren and Cain"
Dark Souls 3,action,"Oct 31, 2024",7.3/10,1.0,"Simmons, Stone and Silva"
Red Dead Redemption 2,Shooter,2019-05-22,,1.0,Spencer Ltd
The Witcher 3,Shooter,"Feb 21, 2023",N/A,4.0,"Cooley, Foster and Hall"
Skyrim,,06-03-2023,7.3/10,,Rios and Sons
Minecraft,Rpg,2022/10/16,N/A,,Bauer Ltd
Red Dead Redemption 2,Action-RPG,"Apr 10, 2025",68%,4.0,Brown Inc
God of War,Sandbox,2023-08-01,,8.0,"Hancock, Burke and Baird"
Elden Ring,Open-World,2022-04-21,,,Nguyen Ltd
red dead redemption 2,Adventur,"Mar 22, 2019",76%,1.0,"Benson, Cruz and Harris"
God of War,,"Mar 08, 2023",92%,,"Bailey, Mccoy and Huber"
Skyrim,action,31/12/2017,,8.0,"Taylor, Simmons and Miller"
Red Dead Redemption 2,,"Jan 07, 2025",N/A,1.0,Gonzalez LLC
Cyberpunk 2077,Action-RPG,2019-03-09,7.1/10,4.0,Nunez-Bennett
Elden Ring ,Action-RPG,2019-02-18,97,1.0,Lutz-Cox
horizon zero dawn,Action-RPG,"May 25, 2024",7.1/10,4.0,"Wu, Lopez and Shannon"
God of War,action,2018-06-22,,1.0,Duran-Williams
Dark Souls 3 ,action,11/08/2022,,2.0,Church Group
Minecraft,Action-RPG,2019-03-16,88,4.0,Davis-Ochoa
God of War,Sandbox,2022-08-18,N/A,1.0,"Burke, Freeman and Mcconnell"
Minecraft,,"Feb 08, 2018",,2.0,Murray PLC
Skyrim,Rpg,2022/12/27,N/A,4.0,West Group
Horizon Zero Dawn,,12/12/2020,7.6/10,1.0," Long, Mitchell and Martin "
Dark Souls 3,Action-RPG,"Jun 15, 2017",7.7/10,,Esparza Inc
Minecraft,Open-World,12-09-2019,80%,8.0,Perkins and Sons
Horizon Zero Dawn ,Rpg,12-25-2016,N/A,,"Gibson, Munoz and Daniels"
Cyberpunk 2077,Rpg,2020-05-15,67,4.0,Thompson Group
Cyberpunk 2077,Open-World,06-20-2021,85%,8.0,Wilkinson LLC
Fortnite,Action-RPG,2022-01-08,73,2.0,Wood-Peck
god of war,Adventur,"May 12, 2024",7.1/10,,"Kane, Kirk and Robertson"
Cyberpunk 2077,Sandbox,2019/07/14,78%,1.0,Donovan-Cannon
cyberpunk 2077,Sandbox,04-16-2018,N/A,2.0,"Kelley, Roy and Fernandez"
The Witcher 3,Open-World,2024/10/03,N/A,,Riley PLC
cyberpunk 2077,,21/12/2015,,,Hall and Sons
Elden Ring,Action-RPG,04-24-2022,76,1.0, Dominguez Ltd 
cyberpunk 2077,Open-World,"Aug 21, 2017",76%,1.0, Fletcher Inc 
the witcher 3,,"Jul 28, 2019",,1.0,Caldwell LLC
god of war,Action-RPG,03/08/2025,9.0/10,1.0,"Murphy, King and Chan"
Elden Ring,Sandbox,"Apr 09, 2023",8.9/10,4.0,Hardy-Whitney
Elden Ring,,20/02/2019,66%,,Rosales LLC
Fortnite,Shooter,2018/07/18,,1.0,Gill Ltd
god of war,Rpg,"Jan 23, 2022",N/A,2.0,Pierce-Welch
Elden Ring,Rpg,2016/12/12,8.1/10,, Hicks Inc 
the witcher 3,Open-World,2021/11/12,55%,,"Barnes, Payne and Cole"
Skyrim,action,2018-12-11,65,4.0,"Hartman, Sosa and Hanson"
Red Dead Redemption 2,Rpg,"Dec 29, 2019",87%,2.0, Wall PLC 
Red Dead Redemption 2,Sandbox,"Sep 03, 2019",64,,"Schultz, James and King"
Dark Souls 3,Rpg,"May 07, 2019",71,1.0,"Brewer, Alexander and Watson"
Skyrim,,10/09/2015,8.9/10,,Wallace-Perkins
God of War,Open-World,05-09-2018,84%,1.0,"Thompson, Charles and Martinez"
RedDed Redemption 2,action,"Apr 10, 2019",73,2.0,Johnson Group
Cyberpunk 2077,Adventur,"Sep 24, 2021",64%,,Love-Fisher
Dark Souls 3,,01-30-2022,N/A,1.0," Bell, Harris and Valencia "
Skyrim,Adventur,"Feb 04, 2021",75%,4.0,"Lawrence, Gutierrez and White"
Dark Souls 3,,"Apr 06, 2016",68,4.0,Finley-Schmidt
Skyrim,Sandbox,2025/08/06,94,,"Anderson, Rowland and Medina"
God of War,action,09-19-2021,6.1/10,1.0,Davis LLC
Fortnite,action,2019/12/19,,1.0,Snyder-Martin
Elden Ring,Shooter,03/05/2017,76,8.0, Riley-Cooper 
The Witcher 3 ,Sandbox,14/04/2018,8.8/10,2.0,Meyers-Smith
cyberpunk 2077,Open-World,2018/07/04,N/A,1.0,Walker LLC
God of War,Shooter,"Nov 17, 2023",N/A,1.0,Cannon-Carrillo
cyberpunk 2077,action,2016/04/04,N/A,4.0,"Peters, Richard and Mccoy"
Elden Ring,action,2021/12/29,,,Diaz PLC
The Witcher 3,Open-World,2017/11/29,90%,1.0,Duran PLC
Skyrim,Action-RPG,12/06/2024,59%,8.0,"Dodson, Johnson and Thompson"
Elden Ring,Shooter,"Apr 23, 2024",85,,Banks Ltd
Cyberpunk 2077,Action-RPG,11-11-2022,74%,,Garcia-Miller
Minecraft,Open-World,"Dec 01, 2024",7.3/10,2.0,Wilkins and Sons
Fortnite,Sandbox,"May 31, 2016",,,Alexander Ltd
Cyberpunk 2077,Shooter,2021/12/10,69,4.0,Underwood and Sons
Skyrim,Action-RPG,05-12-2025,N/A,1.0,"Mccarthy, Petersen and Jackson"
Horizon Zero Dawn,action,"Jan 29, 2020",,4.0,Acosta-Fry
Elden Ring,Adventur,2022/01/26,N/A,2.0,Young-Wallace
RedDed Redemption 2,Open-World,25/02/2016,57%,2.0,Wilson PLC
Elden Ring,Open-World,2018-01-09,65%,2.0,Moran-Liu
The Witcher 3,Action-RPG,"Sep 12, 2023",N/A,1.0,Hunter-Foster
God of War,action,"May 02, 2022",,,Herrera-Hale
Fortnite ,Rpg,2024/12/04,N/A,,Webb-Evans
horizon zero dawn,,2017-09-18,,,"Prince, Hill and Hayden"
Skyrim,Adventur,"May 22, 2022",78,4.0,Wilcox-Sherman
Elden Ring,Adventur,2015-11-16,N/A,2.0,"Gilbert, Smith and Daniels"
Red Dead Redemption 2,Action-RPG,"Mar 05, 2017",,,Johnson-Nguyen
RedDed Redemption 2,Action-RPG,11/10/2016,92,1.0,"Weber, Farrell and Mcneil"
Cyberpunk 2077,Shooter,"Apr 22, 2021",N/A,,Fowler-Chavez
Minecraft,,2016/10/11,8.3/10,1.0,"Douglas, Clayton and Patton"
Dark Souls 3,Rpg,"Nov 23, 2018",N/A,,Welch PLC
God of War,action,2023-12-08,N/A,8.0,Bell-Ross
Minecraft,Sandbox,2016-11-09,N/A,2.0,Nelson-Thompson
Cyberpunk 2077,,21/01/2024,N/A,4.0,Garcia Group
Horizon Zero Dawn,Sandbox,2023/03/23,65,2.0," Gonzales, Rodriguez and Cox "
Elden Ring ,Rpg,"Apr 14, 2020",69,1.0,Simmons PLC
Elden Ring,Open-World,2020-09-06,63%,1.0, Powell Ltd 
Skyrim,Adventur,12-20-2019,,,Brock LLC
Red Dead Redemption 2,Adventur,12/02/2025,77,1.0,Thomas-Evans
cyberpunk 2077,,2023/12/25,8.7/10,1.0,Burgess-Roberts
Cyberpunk 2077,Sandbox,"Jun 02, 2021",79,4.0,Williams-Harrington
Minecraft,Open-World,03-08-2020,83,1.0,"Suarez, Walker and Lynch"
Minecraft,action,2018-05-28,,8.0,Thomas-Odonnell
Red Dead Redemption 2,Shooter,2023/10/27,N/A,4.0, Cook-Whitney 
God of War,action,"Nov 01, 2020",N/A,1.0,"Wilcox, Torres and Erickson"
Minecraft,Sandbox,19/03/2021,N/A,1.0,"Cardenas, Moore and Lang"
The Witcher 3,Adventur,10-15-2022,N/A,,Guerrero-Hughes
God of War,Rpg,2024-08-14,62,1.0,Garcia Ltd
elden ring,action,2021/12/01,7.0/10,1.0,Flores Ltd
Skyrim,Shooter,2018/03/07,75,1.0,"Hill, Moore and Simon"
Minecraft,Rpg,12-29-2021,N/A,2.0,"Schultz, Sanchez and Ruiz"
Horizon Zero Dawn,action,13/05/2018,8.9/10,1.0,"Lewis, Murphy and Williams"
Cyberpunk 2077,,16/04/2021,,1.0,Franklin and Sons
Minecraft,Action-RPG,2020/06/22,71,2.0,"Roy, Aguilar and Copeland"
Elden Ring,Open-World,01/04/2020,6.5/10,4.0,"Stokes, Jones and Luna"
elden ring,Rpg,16/09/2023,,8.0,Miller and Sons
Cyberpunk 2077,Rpg,29/07/2018,,8.0,Washington-Moore
Fortnite,Adventur,"May 01, 2025",66,1.0,Vazquez Ltd
The Witcher 3,Open-World,2023/10/27,6.9/10,,Dunn-Ball
Fortnite,Shooter,08/07/2016,94%,,"Ho, Lopez and Miranda"
Fortnite ,Sandbox,2022/03/27,72%,8.0,Anderson LLC
Cyberpunk 2077,action,01/03/2024,6.3/10,,"Webb, Jones and Reynolds"
Elden Ring ,Open-World,21/11/2017,68%,,Lyons-Gonzalez
Fortnite,Sandbox,28/08/2016,,1.0,Obrien-Young
Red Dead Redemption 2,Shooter,2017-07-28,65,1.0,"Austin, Neal and Vasquez"
Red Dead Redemption 2,action,27/09/2021,7.6/10,4.0,Hammond Inc
The Witcher 3,Rpg,2019/08/29,,1.0,Alexander-Reynolds
Dark Souls 3,action,2020/04/18,6.1/10,1.0,Wilson and Sons
The Witcher 3,Rpg,2017/12/19,,1.0,Dickson Inc
horizon zero dawn,,2021-01-02,,8.0,Andrews Inc
Skyrim,Sandbox,2017/09/08,94%,1.0,"Hanna, Jones and Ayala"
The Witcher 3,Action-RPG,10/03/2023,N/A,1.0,Cunningham Inc
Red Dead Redemption 2,Open-World,2016/12/18,69%,,Anderson Inc
Minecraft,Shooter,2022-03-13,,4.0,Smith Group
Dark Souls 3,action,07-18-2023,78%,1.0,Walker PLC
Dark Souls 3,,2019/10/23,91,1.0,Gonzalez-Oconnell
Cyberpunk 2077,Open-World,03-07-2023,N/A,8.0,Kirby-Wilson
Skyrim,Open-World,05-09-2022,78,1.0,"Wong, Johnson and Camacho"
Cyberpunk 2077,Rpg,2024-06-28,69%,4.0,Moody Group
Elden Ring ,Open-World,2016/03/15,N/A,8.0,"White, Kelley and Hale"
Minecraft,,03-20-2022,,4.0,Ingram and Sons
Red Dead Redemption 2,Action-RPG,08/10/2022,79%,2.0,Kaufman-Mills
Dark Souls 3,Rpg,2022-02-04,86%,8.0,Chapman and Sons
God of War,Shooter,2024/03/15,,8.0,"Chang, Patton and Alexander"
Fortnite,,"Aug 23, 2021",63%,1.0,Guzman-Campbell
Cyberpunk 2077,Sandbox,01-01-2022,N/A,1.0,Williams Ltd
Dark Souls 3,Rpg,"Aug 27, 2017",,4.0,Ramirez-Lawson
Cyberpunk 2077,Open-World,2023-01-07,7.2/10,1.0,Moore Inc
RedDed Redemption 2,action,2018/05/16,,8.0,"Hill, Dickerson and Hicks"
Dark Souls 3,Shooter,2015-11-19,90%,4.0,Davis-Drake
Red Dead Redemption 2,Sandbox,2022/11/13,86,1.0,Barnett-Powell
Minecraft,Action-RPG,"Mar 16, 2021",87%,1.0,"Mendoza, Norris and Garrison"
Minecraft,Adventur,"May 10, 2021",73%,2.0,Wright Ltd
Dark Souls 3,Action-RPG,"Feb 17, 2024",68,,"Rodriguez, Carter and Nunez"
Cyberpunk 2077,Sandbox,02/02/2016,72%,8.0,Spencer-Singh
Dark Souls 3,Action-RPG,2018/10/30,65%,1.0,"Pollard, Logan and Howell"
the witcher 3,action,2024/03/26,93%,8.0,Lopez Group
Skyrim,,2020/09/12,N/A,1.0,Campbell and Sons
The Witcher 3,Rpg,2023/03/23,60,1.0,Lee-Leblanc
elden ring,action,2024/08/21,85,1.0,Horton PLC
Elden Ring,Open-World,18/01/2025,6.5/10,1.0,"Le, Reid and Roberts"
Cyberpunk 2077,action,2020/08/02,N/A,2.0,Phillips LLC
Minecraft,,2024-06-26,72%,2.0,Valdez-Moon
Cyberpunk 2077 ,,"Aug 16, 2017",53%,1.0," Lopez, Walker and Marshall "
Fortnite,Sandbox,2020-08-15,8.5/10,8.0,"Munoz, Kelly and Thompson"
Minecraft,Sandbox,24/10/2021,9.0/10,2.0,Obrien Ltd
Cyberpunk 2077,Open-World,2024-04-14,7.6/10,1.0,Moore Ltd
Horizon Zero Dawn,,01-26-2017,8.2/10,1.0,Burke and Sons
Dark Souls 3,Shooter,2020/06/18,93,2.0,"Carpenter, Norman and Cooper"
Skyrim,Action-RPG,2024/05/19,8.3/10,4.0,Harrison Ltd
elden ring,,2022-03-23,,,Ramirez-Davila
Horizon Zero Dawn,Rpg,2020/07/04,,4.0,Griffith and Sons
Horizon Zero Dawn,,2020-07-27,N/A,,"Walker, Hester and Miller"
Horizon Zero Dawn,Action-RPG,"Aug 04, 2021",,4.0,"Deleon, Barnes and Taylor"
Cyberpunk 2077,,"Dec 19, 2019",,8.0, Ferguson and Sons 
Elden Ring,Sandbox,26/07/2024,85,4.0," Taylor, Hebert and Chapman "
dark souls 3,Action-RPG,"Nov 05, 2017",,8.0,Graves Inc
the witcher 3,action,"Jul 11, 2018",6.3/10,4.0,Holmes PLC
The Witcher 3,Action-RPG,2020-02-25,88,2.0,"Hardy, Hill and Gomez"
Horizon Zero Dawn,Shooter,"Jan 27, 2024",64,4.0, Larson Inc 
fortnite,Rpg,2019/11/23,N/A,4.0,Lopez-Marquez
Fortnite,Adventur,"Mar 27, 2025",8.4/10,1.0,Ellis-Bartlett
red dead redemption 2,Open-World,08-02-2022,,1.0,Gray PLC
fortnite,Action-RPG,2024-09-22,7.2/10,1.0,Fox Inc
Dark Souls 3,Action-RPG,09/06/2019,N/A,,Briggs PLC
Dark Souls 3,Open-World,2024-02-22,N/A,," Knox, Parrish and Baldwin "
Horizon Zero Dawn,Action-RPG,2022-03-21,68%,8.0,Johnson-Stanton
Red Dead Redemption 2,Action-RPG,2020/03/02,64%,1.0,Evans-Ray
Cyberpunk 2077,action,23/10/2017,92,,"Martinez, Taylor and Fuentes"
Elden Ring,Shooter,29/10/2017,67%,4.0,Greene PLC
Dark Souls 3,Sandbox,"Jan 04, 2024",N/A,2.0,Flores PLC
god of war,,09/01/2020,8.5/10,4.0,Bean-Evans
Elden Ring,Adventur,2024/08/19,,8.0,Dickerson-Wise
red dead redemption 2 ,,2022-04-25,63%,4.0,Sweeney PLC
Horizon Zero Dawn,,"Dec 15, 2017",N/A,1.0,Henry-Campos
Skyrim,Open-World,2024-03-13,6.7/10,8.0,"Smith, Case and Gray"
Dark Souls 3,Shooter,2017-08-20,93%,8.0,Wood-Smith
Elden Ring,Action-RPG,18/07/2017,N/A,2.0,Lin LLC
horizon zero dawn,Action-RPG,13/03/2019,N/A,,"Johnson, Alvarado and Williams"
Cyberpunk 2077,Rpg,17/01/2019,N/A,4.0,"Foster, Banks and Martin"
elden ring,Shooter,"May 31, 2020",9.0/10,1.0,Rogers Ltd
The Witcher 3 ,Shooter,06-15-2023,84,1.0,"Robertson, Garza and Robbins"
Minecraft,Action-RPG,"Dec 26, 2022",,8.0,Thompson PLC
God of War,action,2021/01/25,96,8.0," Fox, Cruz and Johnson "
god of war,Action-RPG,07-18-2017,95,1.0,Rodriguez LLC
Red Dead Redemption 2,Action-RPG,"Dec 25, 2017",N/A,1.0, Armstrong-Rollins 
Skyrim,Shooter,"Sep 28, 2023",82,1.0,Spencer Inc
Horizon Zero Dawn,Shooter,2017/09/23,93,2.0,Gray Inc
Horizon Zero Dawn,Sandbox,05-29-2017,N/A,8.0, Nguyen-Mccoy 
Minecraft,Rpg,2023/09/17,,1.0,"Stanley, Moreno and Jensen"
Cyberpunk 2077,Open-World,2022/06/21,8.3/10,,Maddox and Sons
horizon zero dawn,Adventur,28/07/2017,N/A,8.0,Gonzalez PLC
Cyberpunk 2077,Shooter,2020-06-11,6.1/10,1.0,Aguirre-Nelson
Dark Souls 3,Shooter,"Sep 18, 2022",74,1.0,Avila-Clark
Elden Ring,Action-RPG,08/08/2017,,1.0,Boyle-Robertson
Red Dead Redemption 2,,"Apr 26, 2024",,1.0,Morton Group
Cyberpunk 2077,Adventur,2016/02/28,68,1.0,"Bush, Garcia and Thomas"
Minecraft ,Shooter,2017-07-13,6.7/10,1.0,"Baldwin, Decker and Murphy"
Minecraft ,Open-World,02-07-2018,60,8.0," Sandoval, Zamora and Henderson "
Fortnite,Action-RPG,09-29-2018,6.1/10,4.0,Adams-Rice
Elden Ring,action,11/01/2021,71%,1.0,Lawrence LLC
Red Dead Redemption 2,Sandbox,19/04/2018,N/A,1.0,Chapman PLC
red dead redemption 2,action,12-24-2019,92,1.0,"Anderson, Wright and Reed"
Cyberpunk 2077 ,Adventur,01-27-2021,N/A,8.0,Adams-Barton
horizon zero dawn,Open-World,"Jun 09, 2022",N/A,,Clark-Velez
minecraft,Rpg,01-30-2023,8.8/10,1.0,Delgado Inc
RedDed Redemption 2,Sandbox,"Mar 30, 2017",68%,1.0,Carpenter-Thomas
Horizon Zero Dawn ,Action-RPG,2021/04/07,N/A,,Walker and Sons
The Witcher 3 ,Action-RPG,06/04/2017,,,Perez-Smith
Fortnite,Adventur,2021/04/27,77,8.0,"Garcia, Lane and Benitez"
Skyrim,Sandbox,"Jun 23, 2016",N/A,,"Garcia, Brown and Turner"
The Witcher 3,Shooter,2021-09-09,87,1.0,Dudley Inc
Elden Ring,Action-RPG,2022-12-31,N/A,4.0,Graham Group
elden ring,Adventur,2018-09-13,,1.0,Rivers-Walsh
Red Dead Redemption 2 ,Shooter,03-05-2025,N/A,2.0,"Bond, Thompson and Cook"
minecraft,Rpg,2017-05-15,7.2/10,,Gardner-Lopez
god of war,action,2025-01-11,,1.0,Smith-Douglas
Skyrim,,"Mar 28, 2025",55%,1.0,Wright-Jackson
Fortnite,Rpg,"Apr 14, 2025",N/A,,Williams Inc
minecraft,Adventur,2024-09-22,8.2/10,2.0,"Serrano, Baker and Poole"
Fortnite,Open-World,2021-04-27,N/A,4.0,"Gallagher, Miller and Beard"
Skyrim,Action-RPG,2025-06-06,N/A,1.0,Wright Ltd
Horizon Zero Dawn,Rpg,12/11/2019,52%,4.0,"Williams, Flores and Solomon"
Horizon Zero Dawn,action,2023/08/31,,2.0, Boyd Inc 
Dark Souls 3,action,2019-11-06,,,Martin-Montgomery
Fortnite,Rpg,09-22-2023,62%,1.0,Ellis-Clayton
Elden Ring ,Action-RPG,09/05/2017,76,2.0,Jones-Hernandez
God of War,Sandbox,2023/07/24,72,1.0,Richard-Howe
Elden Ring,Open-World,2016-12-02,73%,2.0,Johnson-Bell
Horizon Zero Dawn,Adventur,2023/01/11,,4.0,Hill-Ramirez
Skyrim,,2017/02/15,73,1.0, Olson-Hawkins 
Elden Ring,Action-RPG,13/09/2019,94%,, Bryan-Lee 
Red Dead Redemption 2,,11-24-2022,59%,8.0,Henderson-Powell
Minecraft,Action-RPG,2020-10-21,82,8.0,Petersen Group
Elden Ring,Rpg,08/09/2019,,1.0,"Ayala, Estrada and Williamson"
God of War,Action-RPG,2025/02/13,6.0/10,1.0,Johnson Group
Horizon Zero Dawn,Open-World,"Dec 07, 2017",8.5/10,4.0,"Cannon, Carroll and Steele"
Skyrim ,Rpg,29/10/2019,,1.0,Davis-Johnson
God of War,action,"May 09, 2019",,1.0,Gomez-Cox
Red Dead Redemption 2,action,02-08-2017,77,1.0,Lewis Group
God of War,action,01/06/2023,89%,8.0,Johnson Inc
Minecraft ,Adventur,2020-05-25,61%,1.0,"Pace, Hall and Smith"
Horizon Zero Dawn,Sandbox,21/04/2019,,1.0,Pacheco Group
Cyberpunk 2077,Adventur,11/01/2017,63,, Mitchell-Beard 
Horizon Zero Dawn,Rpg,2025-02-14,90%,1.0,"Harris, Sanchez and Valenzuela"
Horizon Zero Dawn,Shooter,06-29-2019,,8.0,Howe-Hernandez
Fortnite,Shooter,2021/06/24,79,4.0,Sellers-Haas
Dark Souls 3,action,2018/02/28,,4.0,Garcia Group
cyberpunk 2077,Action-RPG,2019/07/20,7.5/10,1.0,Johnson and Sons
Red Dead Redemption 2,Adventur,2024/09/26,83,1.0,"Cook, Williams and Ruiz"
red dead redemption 2 ,action,13/03/2016,N/A,1.0,"Bullock, Sanchez and Warren"
The Witcher 3,action,04-08-2025,6.3/10,1.0,Miller-Hendrix
horizon zero dawn,,2018/02/08,,,"Chung, Henderson and King"
fortnite,,01-20-2022,64,1.0," Taylor, Riley and Williams "
Fortnite,action,"Mar 26, 2016",N/A,8.0,Anderson LLC
red dead redemption 2,Shooter,2019-08-13,7.2/10,1.0,Wilson-Cook
Minecraft ,Shooter,06-03-2021,N/A,1.0, Holt-Velez 
Cyberpunk 2077,action,04-23-2019,N/A,,Horn Inc
god of war,Open-World,2024-03-13,,2.0,Hutchinson-Walker
Cyberpunk 2077,action,"Aug 20, 2019",,1.0,Roberts-Jackson
Elden Ring,,06-07-2017,,2.0,Mueller and Sons
Skyrim,Adventur,2021/05/07,58%,2.0,Lewis-Mccall
The Witcher 3,action,11/11/2016,,,"Watkins, Case and Hayes"
The Witcher 3,Action-RPG,2018-06-14,8.3/10,,Cantu and Sons
Fortnite,Adventur,2018-01-20,89,1.0,Myers Inc
horizon zero dawn,Rpg,05-30-2020,N/A,,Jones Inc
Dark Souls 3,Shooter,27/09/2016,69,1.0,Mcdaniel-Taylor
Skyrim,action,2015/10/09,N/A,2.0,"Jackson, Hampton and Rosales"
Horizon Zero Dawn,Action-RPG,"Oct 28, 2019",N/A,1.0,Best Group
elden ring,Action-RPG,"Dec 08, 2018",,4.0, Olson Group 
Skyrim,action,2022-07-24,,2.0,"Hull, Patton and Wilson"
Skyrim,action,2019-07-03,75%,4.0," Duncan, Ford and Brown "
The Witcher 3 ,Rpg,06-20-2016,8.2/10,8.0,"Villegas, Carrillo and Frank"
Skyrim,Shooter,2019-10-30,N/A,4.0,Wong-Williams
god of war,,2025/05/07,,1.0,Evans PLC
Fortnite,Sandbox,04-12-2017,,2.0,Winters-Dominguez
Elden Ring,Open-World,01-12-2017,99,1.0,Ray-Carlson
Red Dead Redemption 2 ,action,18/01/2017,N/A,4.0,Jackson-Ross
Fortnite,,31/07/2019,N/A,1.0,Harrison-Rice
the witcher 3,Open-World,03-01-2016,N/A,1.0,Butler-Thomas
God of War,Action-RPG,2018-06-06,N/A,1.0,"Reed, Davis and Mcknight"
the witcher 3,Adventur,"Apr 05, 2020",69,2.0,"Fox, Brewer and Miller"
Elden Ring,Open-World,10-24-2016,92,1.0,Stewart LLC
The Witcher 3,Adventur,04-16-2016,52%,1.0,Cobb LLC
Fortnite,action,03-16-2024,,8.0,Leach PLC
Dark Souls 3,Adventur,2020-08-18,85,2.0,Hudson-Taylor
God of War,Adventur,10-12-2023,6.9/10,2.0,Martin-White
Elden Ring,Rpg,2016-02-01,,1.0,Watkins LLC
Fortnite,Sandbox,10/06/2023,71,1.0,Rangel Ltd
Minecraft,,"Aug 10, 2023",74%,1.0,Harris-Smith
Fortnite,Shooter,02/11/2016,8.9/10,8.0,"Pruitt, Rogers and Romero"
Skyrim,action,2018-10-29,8.5/10,1.0,"Walker, Johnson and Clark"
Horizon Zero Dawn,Action-RPG,01-14-2020,52%,8.0,"Petersen, Mccarthy and Lawson"
Fortnite,Adventur,2023/08/17,79,2.0,Turner PLC
Skyrim ,Rpg,"May 25, 2020",,1.0,"Clements, Lee and Owen"
Horizon Zero Dawn,Open-World,2023/03/07,6.9/10,1.0,Rivera-Page
Red Dead Redemption 2,Action-RPG,2015/09/26,,4.0, Williams-Johnson 
Minecraft,Action-RPG,2022/02/09,N/A,2.0,Jones-Hall
Minecraft,,30/11/2021,6.3/10,1.0,Gomez-Moore
Minecraft,Action-RPG,"Nov 06, 2020",,1.0,"Roberts, Fields and Gray"
The Witcher 3,Open-World,2024-04-10,86,,Brown-Evans
Dark Souls 3,Rpg,2024/08/12,97,8.0, Reyes Group 
The Witcher 3,Rpg,2023-07-23,6.7/10,8.0,Newman LLC
Horizon Zero Dawn,,2016/01/28,N/A,4.0,"Davis, Reynolds and Shepard"
Elden Ring,Action-RPG,2019-02-05,7.4/10,2.0,Robinson and Sons
God of War,,14/04/2019,70%,4.0,"Smith, Torres and Reyes"
Cyberpunk 2077,,11-15-2019,,2.0,Carter Inc
Dark Souls 3,Shooter,2025/03/01,N/A,4.0,Booth Ltd
elden ring,action,2022-08-12,,2.0,Bass-Ryan
Minecraft,Action-RPG,2022-10-31,6.4/10,1.0,"Orozco, Mack and Huynh"
god of war ,Open-World,03-28-2020,70%,1.0,Richardson-Taylor
God of War,Shooter,2017-07-28,7.1/10,,"Graves, Hill and Mathews"
Red Dead Redemption 2,Shooter,2024/05/11,96,,Little-Mckinney
Cyberpunk 2077,Rpg,2020-01-08,54%,4.0,Nunez-Smith
skyrim,Rpg,"Jun 07, 2020",84,4.0,Hughes Inc
Horizon Zero Dawn,Rpg,09/01/2024,73%,2.0,Garcia LLC
Skyrim,,2022-04-25,N/A,1.0," Stevens, Hayes and Harris "
Minecraft ,Action-RPG,"Jan 19, 2021",90%,8.0,"Willis, Bowers and Mcconnell"
horizon zero dawn,Open-World,"Feb 26, 2017",N/A,,"Hudson, Li and Robinson"
Dark Souls 3,Open-World,2021-11-14,N/A,1.0,"Smith, Dominguez and Cohen"
Dark Souls 3,action,01/01/2017,83,1.0,Hubbard-Henderson
Elden Ring,Rpg,"Mar 25, 2025",95,4.0,"Harrison, Spencer and Morgan"
Dark Souls 3,Adventur,2016-01-31,90%,2.0,"Young, Clay and Gonzalez"
The Witcher 3,Sandbox,2019/11/13,,1.0,Andrews Inc
Elden Ring,Shooter,03/06/2021,64,1.0,Smith-Short
Elden Ring,,2021/09/27,N/A,8.0,Thomas-Smith
The Witcher 3,Open-World,17/06/2017,6.9/10,8.0,Brown PLC
God of War,Action-RPG,14/08/2015,,4.0,"Alvarez, Skinner and Jones"
Cyberpunk 2077,,"Nov 19, 2015",63,4.0,Ramos PLC
The Witcher 3,Action-RPG,2017-11-01,N/A,4.0,Soto PLC
Cyberpunk 2077,,10/02/2024,,8.0,Johnson LLC
The Witcher 3,Action-RPG,2025/04/13,92,8.0,Martinez Ltd
Dark Souls 3,Rpg,10/07/2016,77%,2.0,Gardner Inc
RedDed Redemption 2,Adventur,2017/07/28,94%,1.0,Colon-Clark
fortnite ,Sandbox,2016-10-08,7.3/10,4.0," Patterson, Cunningham and Fischer "
Dark Souls 3,Open-World,11-02-2017,,8.0,Perry-Wright
RedDed Redemption 2,Adventur,2016-03-26,,4.0,Thomas Inc
Skyrim,Sandbox,2025/05/26,N/A,,Shepard Inc
Horizon Zero Dawn,Shooter,2024-07-05,N/A,,"Barajas, Washington and Robles"
Minecraft,action,03-23-2018,64%,4.0,Knight PLC
Minecraft,,08-17-2016,68,8.0,"Mann, Goodwin and Fox"
Dark Souls 3,Shooter,2017/02/10,6.1/10,1.0,Gonzalez-Palmer
the witcher 3,Open-World,2023/08/04,N/A,1.0,Hunter PLC
Minecraft,action,"Dec 19, 2021",84,4.0,"Johnson, Gallegos and Harrell"
Horizon Zero Dawn ,action,03-07-2017,86%,4.0,Fields Inc
God of War,,2020-01-10,8.8/10,1.0,Owens LLC
Minecraft,Rpg,16/07/2018,N/A,2.0,"James, Simmons and Carter"
Minecraft,Action-RPG,01/12/2020,N/A,1.0, Parker Ltd 
Fortnite,Action-RPG,"Sep 01, 2022",68,2.0, Hebert-Anthony 
The Witcher 3 ,Action-RPG,24/04/2025,78%,2.0, James Group 
Fortnite,Shooter,"Oct 01, 2022",93,8.0,Joyce-Alvarado
Red Dead Redemption 2,action,04/04/2023,69%,1.0,Spencer PLC
Cyberpunk 2077 ,Open-World,2016/10/24,,1.0,Mcdonald-Brown
Horizon Zero Dawn ,Sandbox,10/12/2023,65%,1.0,Johnson-Morton
Elden Ring,Sandbox,2023-04-03,N/A,8.0,Pineda Inc
Cyberpunk 2077,,19/02/2020,,8.0,Scott Inc
Horizon Zero Dawn ,Action-RPG,2017-02-24,94%,1.0,Hubbard-Martin
Fortnite,Shooter,2024-11-15,8.6/10,4.0,"Elliott, Nelson and Diaz"
Dark Souls 3,Open-World,2024/09/02,68,8.0,"Mcdaniel, Davis and Stephens"
fortnite,Action-RPG,2025-04-15,,1.0,Pugh Inc
Cyberpunk 2077,Action-RPG,2023/07/20,81,1.0," Mckinney, Fleming and Harris "
the witcher 3,Shooter,05-29-2021,6.0/10,8.0,Johnson Group
red dead redemption 2,action,2017-02-11,,1.0,"Ewing, Aguilar and Miller"
Elden Ring ,Adventur,2017/04/28,N/A,2.0,"Smith, Scott and Singh"
Minecraft,,31/03/2018,,1.0,Irwin-Wright
God of War,Open-World,30/08/2024,N/A,2.0,Woods and Sons
Cyberpunk 2077,Action-RPG,2023/02/21,,4.0,"Arnold, Guerrero and Murray"
God of War,Adventur,2022-04-19,85%,,Mitchell-Moore
Dark Souls 3,Shooter,04-08-2016,90,1.0,Norris-Moyer
Red Dead Redemption 2,Rpg,2024-04-12,,2.0,"Rollins, Jenkins and Foster"
Skyrim,action,2020-02-03,N/A,,Davis-Wright
Cyberpunk 2077 ,Adventur,2025/04/07,,2.0,Klein-Marquez
Elden Ring ,,2024-04-10,100,1.0,Watkins Inc
God of War ,Rpg,16/06/2020,,1.0,Dalton and Sons
God of War,,"Oct 12, 2020",,1.0,Moreno-Mason
Red Dead Redemption 2,Action-RPG,21/06/2016,,2.0," Garcia, Simpson and Santiago "
Skyrim,Shooter,15/09/2017,50%,1.0,Jenkins-Ortega
Red Dead Redemption 2,Sandbox,06-16-2018,N/A,4.0,"Krause, Heath and Bailey"
Dark Souls 3,Sandbox,07-26-2016,68,,Armstrong-Wilson
Red Dead Redemption 2,Adventur,"Aug 25, 2020",57%,2.0,Brown LLC
Fortnite,action,2019-01-01,75,1.0,"Mcpherson, Shaw and Villanueva"
Horizon Zero Dawn ,Open-World,2024/08/23,7.3/10,2.0,Dickson Inc
Cyberpunk 2077,action,"Jan 22, 2021",,1.0,"Ward, Olson and Ford"
Skyrim,Sandbox,27/12/2016,65%,4.0,"Garcia, Glover and Kennedy"
Red Dead Redemption 2,Shooter,2023/05/30,7.1/10,4.0,Hart PLC
Elden Ring,Sandbox,06-06-2016,91%,2.0,Frazier-Robinson
the witcher 3,Adventur,01-23-2018,6.8/10,4.0,Watson-Thomas
dark souls 3,Adventur,03-09-2022,N/A,8.0,Reyes PLC
Minecraft,Adventur,"Feb 17, 2023",N/A,1.0,Yoder-Miller
Skyrim,Adventur,2015/10/24,50%,8.0,"Robbins, Snow and Fuentes"
Cyberpunk 2077,Rpg,12-04-2018,,1.0,Young-Miranda
Dark Souls 3,Rpg,09-01-2024,90%,8.0," Spencer, Barber and David "
Horizon Zero Dawn,Action-RPG,02/03/2022,N/A,2.0,Montoya and Sons
Red Dead Redemption 2,Sandbox,2016/07/29,76,1.0,Flores PLC
Red Dead Redemption 2,Action-RPG,"Oct 24, 2020",94%,1.0,Morris-Campbell
Fortnite,Open-World,"Dec 03, 2021",7.9/10,1.0, Campbell-Cox 
Red Dead Redemption 2 ,Sandbox,2023-09-01,84,1.0,Palmer-Olsen
Horizon Zero Dawn,Sandbox,2024/09/25,52%,1.0,Bowman-Espinoza
Skyrim,Open-World,08-01-2020,,4.0," Dunn, Farrell and White "
Dark Souls 3 ,Rpg,06-22-2025,,1.0,Scott-Parsons
Dark Souls 3,Open-World,2023/08/24,,1.0,Gonzalez LLC
Minecraft,,03/03/2023,N/A,,"Collins, Morgan and Newton"
RedDed Redemption 2,Adventur,05-06-2024,81,,Osborne LLC
RedDed Redemption 2,Sandbox,"Sep 22, 2015",89%,1.0,Rose LLC
skyrim,Rpg,21/07/2022,,8.0,Smith and Sons
Red Dead Redemption 2,Open-World,2024-07-30,81%,1.0,Randall-Ball
Minecraft,,20/01/2022,,1.0,Harris Ltd
God of War,Open-World,03-13-2017,N/A,8.0," Patel, Lambert and Collins "
God of War,Shooter,25/07/2024,8.3/10,, Mack Inc 
Dark Souls 3,Shooter,2020-02-07,55%,8.0,Grant-Wade
Fortnite,Sandbox,22/03/2019,,2.0,Smith-Martin
The Witcher 3,action,11-16-2017,63,4.0,"Wilson, Taylor and Black"
God of War,Open-World,2017-03-08,N/A,1.0,"Wallace, Patton and Rice"
The Witcher 3,Adventur,"Sep 14, 2020",N/A,4.0,"Mathis, Brewer and Day"
Elden Ring,Sandbox,2019-01-27,8.8/10,1.0,"Sims, Rodriguez and Bell"
Elden Ring,Sandbox,05/04/2021,N/A,2.0,"Wolfe, Lane and Carpenter"
Horizon Zero Dawn,Open-World,"Dec 07, 2024",,1.0,"Case, Hughes and Smith"
Cyberpunk 2077,Adventur,06-05-2022,71,4.0,"Munoz, Dixon and Jimenez"
Red Dead Redemption 2,Sandbox,"Feb 02, 2020",72%,8.0,Smith LLC
The Witcher 3,Rpg,25/02/2022,77%,1.0, Miller-Munoz 
Elden Ring,Sandbox,2022-07-06,N/A,8.0,"Hodge, Gomez and Freeman"
Minecraft,,2025-03-23,8.7/10,,Krause-Wells
Skyrim ,Rpg,2017-03-21,93,2.0,"Martin, Lee and Green"
Fortnite,,"Mar 24, 2017",73,,Mcdaniel Ltd
Cyberpunk 2077,,07-31-2025,N/A,,Hall Group
red dead redemption 2,Action-RPG,2018-03-22,86%,8.0,Young-Allison
Minecraft,Action-RPG,12/03/2025,N/A,4.0,Martinez LLC
Minecraft,action,12/07/2019,79,2.0,"Moody, Peterson and Jones"
Fortnite,Shooter,25/03/2019,7.3/10,1.0,Livingston-Weeks
Red Dead Redemption 2,Adventur,22/09/2020,67%,2.0,"Alexander, Butler and Williams"
Minecraft,Adventur,13/06/2018,90,8.0,Young and Sons
The Witcher 3,Open-World,25/11/2019,,1.0,Peters LLC
Horizon Zero Dawn,Sandbox,2016-11-19,72,8.0, Burns-Garcia 
Elden Ring,Rpg,12/10/2015,8.8/10,8.0,Burns LLC
the witcher 3,Action-RPG,2016/12/21,72,1.0,White-Johnson
The Witcher 3,Shooter,06-21-2016,N/A,1.0,Patterson-Hartman
Cyberpunk 2077,Adventur,2020/04/08,87%,1.0,Turner-Guzman
dark souls 3,Rpg,2019/06/02,52%,8.0, Best-Massey 
The Witcher 3,Rpg,09/08/2016,N/A,8.0, Carson PLC 
Horizon Zero Dawn,action,"Aug 07, 2020",N/A,,"Peterson, Carter and Bullock"
Dark Souls 3 ,action,2017-10-26,50%,1.0,"Mason, Maxwell and Reed"
The Witcher 3 ,Rpg,08-20-2017,,8.0,"Alexander, Hamilton and Figueroa"
Red Dead Redemption 2,Adventur,2024-07-13,55%,8.0,"Scott, Chan and Roberson"
horizon zero dawn,Action-RPG,2017-04-14,N/A,8.0,Bell-Cole
RedDed Redemption 2,,"Sep 25, 2019",90,1.0,"Haley, Contreras and Mason"
Fortnite,Sandbox,2015/08/13,63%,8.0,Williamson PLC
dark souls 3,Rpg,2024-11-04,87,1.0,"Odonnell, Stewart and Alvarez"
Dark Souls 3,Action-RPG,2021/02/23,6.2/10,4.0,Delgado Inc
Skyrim,Action-RPG,2018-11-21,N/A,8.0,"Sparks, Eaton and Caldwell"
Minecraft,Open-World,2025-03-03,,4.0,Graham-Scott
Skyrim,action,10-17-2024,72,1.0,"Davis, Saunders and Phillips"
cyberpunk 2077 ,Rpg,"Jul 29, 2021",N/A,4.0,"Bass, Cervantes and Adams"
Elden Ring,Adventur,09-17-2022,93%,2.0,"Cook, Powell and Vaughn"
Minecraft,Action-RPG,"Feb 10, 2022",72%,1.0,Pacheco-Smith
Elden Ring,action,02-18-2020,,2.0,Rodriguez Group
Fortnite,Open-World,"Feb 18, 2023",85,8.0,"Cline, Sullivan and Rubio"
Cyberpunk 2077 ,Sandbox,2018-05-25,N/A,8.0,Acosta-Allen
Red Dead Redemption 2 ,,20/08/2023,93%,1.0,"Jones, Mendez and Farmer"
Cyberpunk 2077,Shooter,2025-01-12,92,1.0,Bennett PLC
Skyrim,Action-RPG,2021/02/01,64,1.0,Matthews-Perkins
Skyrim,Open-World,"Jun 06, 2018",77%,2.0,"Madden, Reyes and Frank"
Elden Ring,Rpg,2016-01-22,6.9/10,2.0,Cunningham-Chang
red dead redemption 2,Rpg,05-03-2019,6.2/10,2.0," Salazar, Craig and Mcdaniel "
Skyrim,Action-RPG,2024-04-09,89%,1.0,"Potts, Fry and Morse"
Skyrim,Sandbox,01-13-2017,96,8.0,Kelly Group
Fortnite,Shooter,28/08/2024,,,White Ltd
skyrim,Open-World,18/09/2018,N/A,,"Jenkins, Smith and Rogers"
Fortnite,action,2022/10/12,60,8.0,Adkins-Velasquez
Dark Souls 3,Shooter,"Jun 19, 2018",84%,2.0,Avila-Weaver
Skyrim,Sandbox,09-09-2022,8.5/10,4.0,"Barton, Burton and Tucker"
Horizon Zero Dawn,Open-World,11/03/2019,93%,4.0,Ellison and Sons
Cyberpunk 2077,Open-World,31/07/2016,58%,1.0,Yu-Thomas
Skyrim,Shooter,2018-10-02,73%,2.0,"Howard, Bell and Smith"
minecraft,Sandbox,31/07/2022,78,,"Wu, Scott and Bernard"
Cyberpunk 2077,Shooter,01/05/2020,N/A,1.0,Moore and Sons
Horizon Zero Dawn,action,16/08/2020,78,1.0,Ortega and Sons
Fortnite,Sandbox,2023-03-01,81,8.0,Johnson PLC
Horizon Zero Dawn,Shooter,06-21-2021,6.3/10,1.0,Blake Ltd
minecraft,Adventur,27/08/2022,64%,,Campbell-Arnold
Cyberpunk 2077,Action-RPG,02-08-2016,6.7/10,,"Newman, Young and Gonzalez"
Minecraft,Shooter,2018/12/23,,1.0,"Boyer, Thompson and Hill"
Fortnite,action,2017-03-13,7.9/10,,"Bauer, White and Barnett"
The Witcher 3,Adventur,2021-09-29,,4.0,Gonzalez LLC
Minecraft,Rpg,10-28-2015,59%,1.0,Boone Group
Skyrim,Open-World,09/11/2021,51%,4.0, Barrett PLC 
Dark Souls 3,Adventur,12/10/2021,N/A,8.0,Garcia Group
Dark Souls 3,Rpg,01/02/2019,6.6/10,8.0,Hanna-Reese
The Witcher 3,action,2017/05/03,65%,4.0,Shaw LLC
Elden Ring ,Shooter,08-25-2019,N/A,,"Hill, Allen and Chavez"
Fortnite,action,2015/11/18,,1.0,Martin-Brown
Minecraft,Sandbox,2020/09/03,N/A,,Moore-White
dark souls 3,,2025/02/14,N/A,2.0,"Reyes, Miller and Stanley"
Skyrim,action,2016-12-23,71,2.0,Freeman Group
Cyberpunk 2077,Sandbox,"Nov 18, 2018",6.9/10,4.0,"Hernandez, Rodriguez and Goodwin"
fortnite,Adventur,"Jan 30, 2017",78,1.0,Mathews-Johnson
God of War,,2021-02-09,61%,1.0,Everett Group
horizon zero dawn ,Open-World,01/05/2020,,1.0,Garcia-Atkins
Fortnite,Rpg,"Oct 26, 2019",64,8.0,Brown-Singh
cyberpunk 2077,action,2020/08/30,,4.0,"Campbell, Taylor and Baker"
Minecraft ,Action-RPG,"Aug 25, 2018",80%,,Cervantes Group
Dark Souls 3,Adventur,06-02-2016,N/A,1.0,Miller Group
God of War,Adventur,2023/02/07,93%,1.0,Barron-Roberts
God of War,Adventur,2019/08/15,72,1.0,Pitts-Cunningham
Red Dead Redemption 2,,13/12/2022,98,1.0,Warren LLC
Fortnite,Adventur,03-10-2022,8.8/10,1.0,Lee and Sons
Fortnite,action,12-05-2022,,4.0,"Hopkins, Warner and Collins"
Cyberpunk 2077 ,Shooter,"Jun 25, 2022",70%,1.0,"Branch, Hawkins and Serrano"
God of War,Adventur,02-21-2025,,2.0,Michael Group
Elden Ring,Rpg,2022-01-12,65%,,Martin-Hayden
God of War,Open-World,04/07/2019,6.6/10,1.0,Levine-Lee
Horizon Zero Dawn,,2015-10-04,85,1.0,Schultz-Jacobs
Horizon Zero Dawn,,2022/03/09,N/A,8.0,"Myers, Smith and Medina"
elden ring,,"Oct 04, 2016",6.6/10,1.0,"Mclaughlin, Case and Bennett"
Skyrim,Action-RPG,2018/08/11,,2.0,"Garcia, Frazier and Thomas"
minecraft,Sandbox,2018/12/14,75%,1.0,Rodriguez-Turner
God of War,Adventur,2023/09/30,N/A,8.0,Wright-Munoz
Cyberpunk 2077,Rpg,11-14-2021,,1.0,Alvarez and Sons
Fortnite,Adventur,2016-07-20,89,1.0,Cooper-Rodriguez
Horizon Zero Dawn,Open-World,01-07-2019,100,4.0,Johnson-Lane
God of War,Adventur,2017/07/29,N/A,8.0,Ferrell-Thomas
God of War,action,24/06/2020,93%,,Bradshaw PLC
skyrim ,Open-World,"Oct 17, 2015",N/A,1.0,Wall Group
Horizon Zero Dawn,Adventur,2018/03/21,84,4.0, Lane-Campbell 
Red Dead Redemption 2,Adventur,03/08/2025,6.1/10,1.0,Howard LLC
Dark Souls 3,Open-World,2024/07/13,N/A,8.0,"Norris, Manning and Bowers"
Skyrim,Action-RPG,07-16-2025,95,4.0," Palmer, Brown and Zimmerman "
Fortnite,action,"Jul 28, 2019",,1.0,Rivera Group
cyberpunk 2077,Adventur,19/02/2022,83%,2.0,Thompson-Farmer
Elden Ring,Shooter,2022-07-03,,2.0,Hurley-Manning
the witcher 3,Rpg,2017/12/28,N/A,1.0,Thomas-Reed
Horizon Zero Dawn,Open-World,24/04/2018,64%,,"Holmes, Smith and King"
Skyrim,Open-World,2022/02/24,70,2.0,"Anderson, Brown and David"
God of War,Rpg,2019-11-10,88,,"Mckee, Wagner and Brooks"
Horizon Zero Dawn,Action-RPG,2016-10-11,7.2/10,4.0,"Campbell, Johnson and Farrell"
Dark Souls 3,Action-RPG,06/01/2018,72,1.0,"Reyes, Johnson and Beck"
Elden Ring,action,2018-10-26,8.4/10,8.0,"Zuniga, Smith and Bryant"
Dark Souls 3,Rpg,2020-06-19,N/A,1.0,Johnson-Harris
Red Dead Redemption 2,Shooter,03-22-2019,54%,1.0,Jones-Gomez
Dark Souls 3,Adventur,14/01/2018,92,2.0,Smith and Sons
god of war,Shooter,"Aug 05, 2016",6.8/10,,Brown-Knight
Skyrim,Open-World,"Dec 13, 2024",,4.0," Case, Chan and Newman "
Fortnite,Action-RPG,01/02/2019,83,1.0,Hammond Ltd
cyberpunk 2077,Shooter,08-01-2024,76%,4.0,Martinez-Taylor
Horizon Zero Dawn,,"Nov 23, 2018",93,8.0,Ramos-Cordova
The Witcher 3,action,"Nov 23, 2016",7.0/10,,Sanchez LLC
Cyberpunk 2077,action,"Jan 24, 2018",75%,2.0,Williams-Rice
God of War,Sandbox,28/04/2021,N/A,,Johnson Ltd
Skyrim,,"Dec 25, 2015",6.8/10,4.0,"Johnson, Brown and Taylor"
God of War,Action-RPG,2024-08-04,7.3/10,1.0,Cochran-Austin
minecraft,Sandbox,2018/11/27,63%,8.0,West Inc
Minecraft,Open-World,2016/10/21,N/A,,Jackson LLC
Elden Ring ,action,11-05-2016,90,4.0,Hahn-Vasquez
Elden Ring,Open-World,12-06-2018,,1.0,Strong-Jones
Cyberpunk 2077,,2021-11-15,6.6/10,1.0,Watson Ltd
The Witcher 3,Open-World,"Jul 25, 2016",6.8/10,4.0,Knox Inc
Horizon Zero Dawn,Shooter,2017-02-15,91,2.0,"Keith, Nichols and Massey"
skyrim ,Shooter,25/02/2022,86%,,"Williams, Hill and Wheeler"
Dark Souls 3,Open-World,2017/11/21,60%,4.0,Khan Group
Minecraft,Sandbox,2023/06/21,83,4.0,"Montes, Tyler and Fitzpatrick"
Horizon Zero Dawn,Action-RPG,"Jun 17, 2017",91,2.0,Snyder Inc
minecraft ,,06-06-2016,,1.0,Wright-Horne
Minecraft,,02-12-2024,,,Washington LLC
Fortnite,Rpg,"Sep 10, 2022",72,1.0, Perez-Rogers 
Minecraft,Open-World,"Nov 07, 2021",51%,8.0,Gardner-Ware
Skyrim,Rpg,"Jun 11, 2020",N/A,4.0,"Bradford, Perez and Ramos"
Fortnite,Adventur,2018-12-05,83,1.0,Perez Group
The Witcher 3,Rpg,2016/07/09,,, Chapman Inc 
Cyberpunk 2077,Sandbox,2018-06-30,6.7/10,1.0,Simmons-Duncan
Elden Ring,action,"May 21, 2021",N/A,8.0,Holmes-Davis
Skyrim,Open-World,2016/12/18,56%,8.0, French Group 
Cyberpunk 2077,Action-RPG,27/04/2023,N/A,8.0," Palmer, Alvarez and Griffith "
God of War,Action-RPG,"Dec 23, 2021",8.7/10,1.0,"Sanchez, Spencer and Brooks"
Fortnite,Shooter,11/04/2024,68,4.0,Estes-Jackson
Red Dead Redemption 2 ,Shooter,18/08/2015,58%,1.0,"Johnson, Simon and Garcia"
fortnite,Shooter,"Mar 19, 2018",,1.0,"Mccoy, White and Moore"
the witcher 3,Open-World,2024/02/07,,,Perry-Larson
Skyrim,,12-30-2018,9.0/10,1.0,Mitchell Ltd
Fortnite,Adventur,"Feb 23, 2022",N/A,1.0," Sanchez, Duke and Roberts "
horizon zero dawn,action,17/01/2019,N/A,,Bridges-Martin
Minecraft,Action-RPG,21/01/2023,7.2/10,2.0,Miller-Martin
The Witcher 3,Action-RPG,2024/09/22,77,1.0,Fowler-Deleon
Fortnite,action,"Oct 07, 2023",N/A,1.0,"Brown, Jones and Murphy"
fortnite,Action-RPG,2019/04/19,70%,1.0,Price-King
Skyrim,Action-RPG,13/07/2019,94%,1.0,Medina-Moon
The Witcher 3,,18/07/2022,N/A,,Simmons-Booth
Horizon Zero Dawn,Action-RPG,18/08/2024,75%,4.0,Santos-Soto
Skyrim,,"Dec 07, 2022",N/A,1.0,Johnson-Brown
God of War,Open-World,2022/09/15,65,1.0,Benson PLC
The Witcher 3,Open-World,02-25-2018,,1.0,"Torres, Rice and Delgado"
The Witcher 3,Shooter,2025-04-12,N/A,1.0,"Hall, Garcia and Best"
The Witcher 3,,11/08/2022,7.9/10,1.0,"Becker, Harris and Flores"
Fortnite,action,04/02/2019,50%,2.0,"Jones, Jackson and Mora"
Red Dead Redemption 2 ,,2016/06/04,58%,4.0,"Hall, Glenn and Henderson"
Fortnite,Action-RPG,09-07-2023,7.4/10,,Riley Ltd
Skyrim,Rpg,2019/01/23,85%,1.0,Vasquez LLC
Horizon Zero Dawn,Shooter,12/10/2019,,4.0,Gordon PLC
Red Dead Redemption 2,Action-RPG,06-26-2024,,1.0,"Chavez, Barton and Beck"
Minecraft,Open-World,06-01-2019,8.6/10,4.0,"Mitchell, Nguyen and Colon"
Minecraft,Open-World,2020-02-20,7.8/10,1.0,"Jones, Hall and Richardson"
Red Dead Redemption 2,Shooter,2021/12/03,89%,1.0,York PLC
Horizon Zero Dawn,Shooter,"May 28, 2025",78,2.0,Walker-Lee
Minecraft ,Adventur,2021/08/10,6.6/10,1.0,"West, Herring and Ferguson"
Horizon Zero Dawn,action,"May 09, 2016",79,8.0,"Munoz, Jones and Morales"
Red Dead Redemption 2,Shooter,"Dec 20, 2019",69%,1.0," Obrien, Miller and Valdez "
Elden Ring,Shooter,09/12/2021,,2.0," Miller, Lewis and Jordan "
Red Dead Redemption 2,,02-10-2016,8.3/10,4.0,Bates-Mckenzie
The Witcher 3,,02/04/2021,6.4/10,,Stanley-Mcdonald
Elden Ring,action,01-31-2022,8.6/10,,Hicks-Walker
The Witcher 3 ,Action-RPG,2024/03/04,8.5/10,1.0," Bradley, Thompson and Hardy "
dark souls 3,action,2018/02/11,90%,4.0,Chung-Campos
Horizon Zero Dawn,action,02-18-2016,N/A,1.0, Smith LLC 
The Witcher 3,Open-World,"Mar 15, 2018",8.6/10,2.0,"Kim, Joyce and Mejia"
Elden Ring,Rpg,2020-12-18,81,,Weaver-Schneider
Skyrim,,2024/08/20,95,8.0,"Dougherty, Terrell and White"
dark souls 3,Sandbox,27/12/2023,N/A,8.0,Miller Group
Minecraft ,Action-RPG,"Nov 15, 2020",6.6/10,1.0,Reed Group
God of War,Sandbox,09/05/2016,98,1.0,"Jones, Church and Fleming"
Fortnite,,2016/06/02,,1.0,Taylor-Riley
Minecraft,Shooter,2016/09/15,64,4.0,Black and Sons
Minecraft,Shooter,"May 23, 2018",64%,1.0,Brady-Herman
God of War,Sandbox,01/04/2021,8.0/10,,"Norris, Watkins and Sexton"
cyberpunk 2077,Sandbox,09/01/2020,N/A,2.0, Thomas Inc 
Horizon Zero Dawn,Rpg,"Aug 16, 2020",,,Warner Group
Minecraft,Open-World,2024-04-13,98,1.0,White-Watson
Cyberpunk 2077,Rpg,20/10/2017,,1.0,"Gutierrez, Matthews and Fisher"
Skyrim,action,"Jan 03, 2020",,1.0,"Wells, Duffy and Hanson"
Horizon Zero Dawn,Action-RPG,04/10/2021,N/A,8.0,"Turner, Gonzales and Morrison"
Skyrim,Action-RPG,30/09/2015,53%,1.0,Lopez Group
Red Dead Redemption 2,action,07-18-2019,N/A,4.0,"Shaffer, Gordon and Thomas"
The Witcher 3,Shooter,"Oct 16, 2023",,1.0,Martinez Group
Horizon Zero Dawn,action,17/06/2017,78,8.0,Stone Ltd
Dark Souls 3,Open-World,02-06-2020,,1.0,Gill-Hardy
horizon zero dawn,Sandbox,10-06-2016,86,1.0,"Harris, Roberson and Miller"
cyberpunk 2077,Sandbox,13/12/2015,97,1.0,Khan PLC
Horizon Zero Dawn,,2020-12-11,,1.0, Hall Group 
The Witcher 3,Rpg,26/04/2021,80%,2.0,Marquez PLC
Skyrim,Sandbox,10-02-2020,53%,,Walters-Taylor
Elden Ring ,Adventur,2018/05/13,76,8.0,"Graham, Kennedy and Murphy"
Cyberpunk 2077,Adventur,"May 02, 2021",60%,1.0,"Logan, Hardin and Green"
The Witcher 3,Open-World,2022-05-25,75,,Brown Ltd
God of War,Adventur,06-02-2017,N/A,2.0,"Park, Anderson and Lynch"
Red Dead Redemption 2,Adventur,03-01-2023,N/A,8.0,Kramer-Johnson
Red Dead Redemption 2,Sandbox,2021/09/02,6.7/10,8.0,Williams Inc
red dead redemption 2,Rpg,04-18-2022,N/A,1.0,Smith-Riggs
Fortnite,Open-World,06-12-2019,80,,"Montoya, Velazquez and Simmons"
Minecraft,Action-RPG,2017/08/23,,8.0,Harris-Mendoza
Horizon Zero Dawn,,28/05/2021,8.6/10,8.0,Hernandez Ltd
red dead redemption 2,Shooter,2021/07/28,,1.0,Cain-Watson
Fortnite,Shooter,08-12-2023,52%,1.0,Daniel PLC
Red Dead Redemption 2,action,26/11/2024,61,,Nelson and Sons
Horizon Zero Dawn,Sandbox,2024-11-14,N/A,1.0,Taylor-Peterson
red dead redemption 2,Action-RPG,2019-12-17,,1.0,Herrera-Mathis
Cyberpunk 2077,Sandbox,"Sep 19, 2019",71%,1.0,Sheppard LLC
Horizon Zero Dawn,Adventur,11/04/2018,N/A,8.0,Brown LLC
God of War,Rpg,09/07/2018,,1.0,"Ross, Mccarty and Sanders"
The Witcher 3 ,Action-RPG,2015-12-07,69,2.0,"Hale, Wells and Clark"
Skyrim,Shooter,2016-06-26,N/A,8.0,"Woods, Willis and Mendoza"
